date,EEM,EZU,IVV
2018-01-02,0.0,0.0,0.0
2018-01-03,0.35153093934059143,0.2882452607154846,0.36022382974624634
2018-01-04,0.33871743083000183,0.4538373351097107,0.2074451744556427
2018-01-05,0.4206232726573944,0.27946245670318604,0.29991430044174194
2018-01-08,0.39856985211372375,0.264017254114151,0.33741289377212524
2018-01-09,0.26237156987190247,0.47441092133522034,0.263217568397522
2018-01-10,0.325199693441391,0.26874059438705444,0.4060596823692322
2018-01-11,0.3616558015346527,0.30500683188438416,0.33333736658096313
2018-01-12,0.33674973249435425,0.26803770661354065,0.3952125608921051
2018-01-16,0.2527434527873993,0.22611837089061737,0.5211381912231445
2018-01-17,0.26972782611846924,0.2237517237663269,0.5065203905105591
2018-01-18,0.3217565715312958,0.2943704128265381,0.3838730752468109
2018-01-19,0.3184358775615692,0.3959602415561676,0.2856038510799408
2018-01-22,0.3205978572368622,0.40475690364837646,0.27464526891708374
2018-01-23,0.3337656855583191,0.3807178735733032,0.2855164110660553
2018-01-24,0.3160976767539978,0.4026508033275604,0.28125154972076416
2018-01-25,0.22085914015769958,0.558281660079956,0.22085914015769958
2018-01-26,0.2184842824935913,0.5630313754081726,0.2184842824935913
2018-01-29,0.2413441240787506,0.5173117518424988,0.2413441240787506
2018-01-30,0.25150713324546814,0.4969857335090637,0.25150713324546814
2018-01-31,0.2605290412902832,0.46903157234191895,0.2704393267631531
2018-02-01,0.2604377865791321,0.4694056808948517,0.2701565623283386
2018-02-02,0.2602904140949249,0.4700123965740204,0.2696971297264099
2018-02-05,0.2077738493680954,0.45541390776634216,0.33681222796440125
2018-02-06,0.49841439723968506,0.25079280138015747,0.25079280138015747
2018-02-07,0.4486915171146393,0.27565425634384155,0.27565425634384155
2018-02-08,0.49938464164733887,0.25030770897865295,0.25030770897865295
2018-02-09,0.4142513871192932,0.27657464146614075,0.3091740012168884
2018-02-12,0.48885011672973633,0.25557494163513184,0.25557494163513184
2018-02-13,0.41898009181022644,0.290509968996048,0.290509968996048
2018-02-14,0.41504397988319397,0.2924780249595642,0.2924780249595642
2018-02-15,0.4328095316886902,0.2835952341556549,0.2835952341556549
2018-02-16,0.5288747549057007,0.24077129364013672,0.23035389184951782
2018-02-20,0.2512494623661041,0.5464821457862854,0.20226845145225525
2018-02-21,0.3905615508556366,0.38437798619270325,0.22506040334701538
2018-02-22,0.40463611483573914,0.36778923869132996,0.2275746464729309
2018-02-23,0.4063279330730438,0.3617629408836365,0.2319091558456421
2018-02-26,0.2849816679954529,0.47375112771987915,0.24126717448234558
2018-02-27,0.22439931333065033,0.5512014627456665,0.22439931333065033
2018-02-28,0.23451660573482513,0.5596132278442383,0.20587018132209778
2018-03-01,0.3411557376384735,0.4376814067363739,0.22116288542747498
2018-03-02,0.5381588935852051,0.23092059791088104,0.23092059791088104
2018-03-05,0.501205325126648,0.24939730763435364,0.24939730763435364
2018-03-06,0.3477306067943573,0.43020281195640564,0.22206653654575348
2018-03-07,0.35677164793014526,0.4228270947933197,0.22040122747421265
2018-03-08,0.3812703490257263,0.39572983980178833,0.22299984097480774
2018-03-09,0.2202395349740982,0.5700505971908569,0.20970986783504486
2018-03-12,0.32137420773506165,0.32137420773506165,0.3572515845298767
2018-03-13,0.3062953054904938,0.29723870754241943,0.39646604657173157
2018-03-14,0.3062964975833893,0.2972412407398224,0.3964622914791107
2018-03-15,0.3101384937763214,0.3050365149974823,0.3848250210285187
2018-03-16,0.308655709028244,0.3035011887550354,0.3878430426120758
2018-03-19,0.29652780294418335,0.29652780294418335,0.4069444239139557
2018-03-20,0.21158012747764587,0.5751344561576843,0.2132853865623474
2018-03-21,0.21426928043365479,0.5714614391326904,0.21426928043365479
2018-03-22,0.24305106699466705,0.5138979554176331,0.24305106699466705
2018-03-23,0.3961426615715027,0.30192869901657104,0.30192869901657104
2018-03-26,0.3913344144821167,0.30433279275894165,0.30433279275894165
2018-03-27,0.4182826578617096,0.290858656167984,0.290858656167984
2018-03-28,0.3333333432674408,0.3333333432674408,0.3333333432674408
2018-03-29,0.5020362138748169,0.24898187816143036,0.24898187816143036
2018-04-02,0.45791932940483093,0.27104032039642334,0.27104032039642334
2018-04-03,0.3333333432674408,0.3333333432674408,0.3333333432674408
2018-04-04,0.4856112599372864,0.2571943998336792,0.2571943998336792
2018-04-05,0.47297680377960205,0.263511598110199,0.263511598110199
2018-04-06,0.36616015434265137,0.3676201403141022,0.26621973514556885
2018-04-09,0.3222164809703827,0.29469889402389526,0.38308459520339966
2018-04-10,0.25239503383636475,0.3395453095436096,0.4080597162246704
2018-04-11,0.21533925831317902,0.5155367851257324,0.269123911857605
2018-04-12,0.2200106829404831,0.5323277711868286,0.24766157567501068
2018-04-13,0.19961415231227875,0.5426075458526611,0.2577783465385437
2018-04-16,0.20492927730083466,0.3321630358695984,0.4629076421260834
2018-04-17,0.17489024996757507,0.4202839732170105,0.40482574701309204
2018-04-18,0.18282166123390198,0.320217490196228,0.4969608187675476
2018-04-19,0.20290695130825043,0.3478645086288452,0.4492284953594208
2018-04-20,0.18345385789871216,0.3262607455253601,0.4902854263782501
2018-04-23,0.17466779053211212,0.42198121547698975,0.4033510088920593
2018-04-24,0.2056829333305359,0.40480151772499084,0.3895155191421509
2018-04-25,0.25543880462646484,0.2721659243106842,0.47239524126052856
2018-04-26,0.22726242244243622,0.22726242244243622,0.5454751253128052
2018-04-27,0.2276434451341629,0.2276434451341629,0.5447131395339966
2018-04-30,0.2167697548866272,0.32463106513023376,0.4585992097854614
2018-05-01,0.2247208207845688,0.32836171984672546,0.44691750407218933
2018-05-02,0.2251618206501007,0.2251618206501007,0.5496763586997986
2018-05-03,0.2272523045539856,0.2272523045539856,0.5454954504966736
2018-05-04,0.22740083932876587,0.22740083932876587,0.5451982617378235
2018-05-07,0.2276294082403183,0.2276294082403183,0.5447412133216858
2018-05-08,0.20768530666828156,0.2889350950717926,0.5033796429634094
2018-05-09,0.1847844123840332,0.3129194676876068,0.5022961497306824
2018-05-10,0.24763965606689453,0.2505232095718384,0.5018371343612671
2018-05-11,0.2648913264274597,0.2878105938434601,0.4472981095314026
2018-05-14,0.24189676344394684,0.24189676344394684,0.5162064433097839
2018-05-15,0.22737039625644684,0.34328532218933105,0.4293442368507385
2018-05-16,0.3805011510848999,0.2415008693933487,0.3779979646205902
2018-05-17,0.264198899269104,0.264198899269104,0.4716022312641144
2018-05-18,0.332704097032547,0.2592525780200958,0.40804323554039
2018-05-21,0.26515498757362366,0.4696899652481079,0.26515498757362366
2018-05-22,0.32455727458000183,0.2593529224395752,0.416089802980423
2018-05-23,0.2444351613521576,0.2444351613521576,0.51112961769104
2018-05-24,0.2259739637374878,0.5480520725250244,0.2259739637374878
2018-05-25,0.24959240853786469,0.500815212726593,0.24959240853786469
2018-05-29,0.3267080783843994,0.34658387303352356,0.3267080783843994
2018-05-30,0.25236883759498596,0.49526235461235046,0.25236883759498596
2018-05-31,0.2563644051551819,0.4872712194919586,0.2563644051551819
2018-06-01,0.30529171228408813,0.45550355315208435,0.23920471966266632
2018-06-04,0.21194155514240265,0.5761169195175171,0.21194155514240265
2018-06-05,0.29578638076782227,0.4822653830051422,0.2219482809305191
2018-06-06,0.21194155514240265,0.5761169195175171,0.21194155514240265
2018-06-07,0.2688179016113281,0.4608674943447113,0.27031466364860535
2018-06-08,0.24178436398506165,0.4379027485847473,0.32031288743019104
2018-06-11,0.2192455381155014,0.5224400758743286,0.2583143413066864
2018-06-12,0.26239535212516785,0.299392968416214,0.4382116496562958
2018-06-13,0.2637723684310913,0.29677528142929077,0.4394523799419403
2018-06-14,0.3317837417125702,0.2915208637714386,0.3766953945159912
2018-06-15,0.3328934907913208,0.4067951440811157,0.26031139492988586
2018-06-18,0.20192557573318481,0.4235851466655731,0.37448930740356445
2018-06-19,0.3286075294017792,0.2812356948852539,0.3901567757129669
2018-06-20,0.31237316131591797,0.3979628086090088,0.28966405987739563
2018-06-21,0.4130012094974518,0.36307013034820557,0.22392864525318146
2018-06-22,0.48408058285713196,0.3102916479110718,0.20562772452831268
2018-06-25,0.4931623339653015,0.31305474042892456,0.19378292560577393
2018-06-26,0.44068434834480286,0.24407696723937988,0.31523871421813965
2018-06-27,0.4466969072818756,0.2670873999595642,0.2862156927585602
2018-06-28,0.41418832540512085,0.2761836647987366,0.3096279799938202
2018-06-29,0.3488461673259735,0.31044459342956543,0.34070920944213867
2018-07-02,0.4371104836463928,0.281444787979126,0.281444787979126
2018-07-03,0.4311327636241913,0.28443363308906555,0.28443363308906555
2018-07-05,0.4376090168952942,0.2811954915523529,0.2811954915523529
2018-07-06,0.38992467522621155,0.37312084436416626,0.23695452511310577
2018-07-09,0.3406769335269928,0.41415882110595703,0.24516426026821136
2018-07-10,0.25901177525520325,0.25901177525520325,0.4819764792919159
2018-07-11,0.25559094548225403,0.25559094548225403,0.48881810903549194
2018-07-12,0.21487225592136383,0.5712209343910217,0.21390680968761444
2018-07-13,0.2736838757991791,0.4586489796638489,0.26766714453697205
2018-07-16,0.2746153175830841,0.34075361490249634,0.38463103771209717
2018-07-17,0.3230415880680084,0.2956273555755615,0.38133105635643005
2018-07-18,0.276302307844162,0.276302307844162,0.44739532470703125
2018-07-19,0.26679274439811707,0.2872045934200287,0.44600269198417664
2018-07-20,0.4064119756221771,0.31878364086151123,0.27480435371398926
2018-07-23,0.23663552105426788,0.23663552105426788,0.5267289280891418
2018-07-24,0.273196280002594,0.273196280002594,0.4536074101924896
2018-07-25,0.26662564277648926,0.26578488945961,0.46758943796157837
2018-07-26,0.4157266318798065,0.24485689401626587,0.33941650390625
2018-07-27,0.34831905364990234,0.2759826183319092,0.3756982982158661
2018-07-30,0.3655851483345032,0.27578994631767273,0.3586249053478241
2018-07-31,0.3762228488922119,0.3366289436817169,0.28714823722839355
2018-08-01,0.37622278928756714,0.33662906289100647,0.287148118019104
2018-08-02,0.3932540714740753,0.2587677836418152,0.34797805547714233
2018-08-03,0.263018935918808,0.27149471640586853,0.4654862880706787
2018-08-06,0.26061007380485535,0.26061007380485535,0.4787798821926117
2018-08-07,0.21769855916500092,0.21769855916500092,0.5646029710769653
2018-08-08,0.31315869092941284,0.2936292290687561,0.39321205019950867
2018-08-09,0.2907414734363556,0.2874962389469147,0.42176225781440735
2018-08-10,0.30506420135498047,0.297100692987442,0.3978351056575775
2018-08-13,0.28089186549186707,0.4387842118740082,0.28032389283180237
2018-08-14,0.25818300247192383,0.4857821762561798,0.256034791469574
2018-08-15,0.23922133445739746,0.5215573906898499,0.23922133445739746
2018-08-16,0.3083689510822296,0.4690985083580017,0.22253257036209106
2018-08-17,0.4362952709197998,0.34420835971832275,0.21949636936187744
2018-08-20,0.4171774089336395,0.34221357107162476,0.2406090348958969
2018-08-21,0.26864877343177795,0.48111239075660706,0.2502388060092926
2018-08-22,0.2542766034603119,0.2997263967990875,0.4459969997406006
2018-08-23,0.26261472702026367,0.2992876172065735,0.43809762597084045
2018-08-24,0.2515181303024292,0.46993163228034973,0.27855023741722107
2018-08-27,0.2623957395553589,0.29939213395118713,0.438212126493454
2018-08-28,0.23633603751659393,0.2565511167049408,0.5071129202842712
2018-08-29,0.24128028750419617,0.3354499340057373,0.42326974868774414
2018-08-30,0.2413260042667389,0.3355282247066498,0.4231458306312561
2018-08-31,0.27759817242622375,0.27759817242622375,0.4448036253452301
2018-09-04,0.2547100782394409,0.4456198215484619,0.2996700704097748
2018-09-05,0.32821735739707947,0.4122217893600464,0.25956085324287415
2018-09-06,0.23224228620529175,0.5137973427772522,0.25396037101745605
2018-09-07,0.3760488033294678,0.3810005187988281,0.2429506480693817
2018-09-10,0.37151089310646057,0.4131718873977661,0.21531714498996735
2018-09-11,0.43066444993019104,0.334632933139801,0.23470266163349152
2018-09-12,0.5474380254745483,0.23993922770023346,0.21262268722057343
2018-09-13,0.3295138478279114,0.4595904052257538,0.21089577674865723
2018-09-14,0.28522956371307373,0.4132823646068573,0.30148813128471375
2018-09-17,0.24563424289226532,0.4826335608959198,0.27173224091529846
2018-09-18,0.3455979526042938,0.3506961166858673,0.30370602011680603
2018-09-19,0.38192063570022583,0.21154314279556274,0.40653619170188904
2018-09-20,0.235110342502594,0.235110342502594,0.529779314994812
2018-09-21,0.25695672631263733,0.23546430468559265,0.5075790286064148
2018-09-24,0.2785934507846832,0.25945594906806946,0.4619506299495697
2018-09-25,0.21926213800907135,0.21926213800907135,0.5614757537841797
2018-09-26,0.21704509854316711,0.21704509854316711,0.5659098029136658
2018-09-27,0.3026866912841797,0.25067755579948425,0.44663575291633606
2018-09-28,0.2759440839290619,0.2503744959831238,0.4736814498901367
2018-10-01,0.24047359824180603,0.48294195532798767,0.2765845060348511
2018-10-02,0.25860244035720825,0.25860244035720825,0.4827951490879059
2018-10-03,0.2776555120944977,0.35548529028892517,0.36685922741889954
2018-10-04,0.25167059898376465,0.4841666519641876,0.2641627788543701
2018-10-05,0.4496835768222809,0.2333260476589203,0.31699034571647644
2018-10-08,0.4404187500476837,0.27979061007499695,0.27979061007499695
2018-10-09,0.3248627781867981,0.3248627781867981,0.3502744138240814
2018-10-10,0.3534463047981262,0.3232768476009369,0.3232768476009369
2018-10-11,0.3358648121356964,0.332067608833313,0.332067608833313
2018-10-12,0.3422202467918396,0.3288898766040802,0.3288898766040802
2018-10-15,0.37617233395576477,0.3119138181209564,0.3119138181209564
2018-10-16,0.37617233395576477,0.3119138181209564,0.3119138181209564
2018-10-17,0.484661340713501,0.2576693594455719,0.2576693594455719
2018-10-18,0.4272312521934509,0.28638437390327454,0.28638437390327454
2018-10-19,0.32486286759376526,0.32486286759376526,0.35027429461479187
2018-10-22,0.32634076476097107,0.32634076476097107,0.3473184108734131
2018-10-23,0.3333333432674408,0.3333333432674408,0.3333333432674408
2018-10-24,0.3333333432674408,0.3333333432674408,0.3333333432674408
2018-10-25,0.3333333432674408,0.3333333432674408,0.3333333432674408
2018-10-26,0.3333333432674408,0.3333333432674408,0.3333333432674408
2018-10-29,0.3333333432674408,0.3333333432674408,0.3333333432674408
2018-10-30,0.3333333432674408,0.3333333432674408,0.3333333432674408
2018-10-31,0.41045260429382324,0.2947736978530884,0.2947736978530884
2018-11-01,0.5005431771278381,0.24972838163375854,0.24972838163375854
2018-11-02,0.47958219051361084,0.2602089047431946,0.2602089047431946
2018-11-05,0.5500097274780273,0.22499510645866394,0.22499510645866394
2018-11-06,0.44242027401924133,0.29182928800582886,0.2657504677772522
2018-11-07,0.3498082458972931,0.3896965980529785,0.260495126247406
2018-11-08,0.21430161595344543,0.5713967680931091,0.21430161595344543
2018-11-09,0.20786044001579285,0.5650233030319214,0.22711628675460815
2018-11-12,0.2134980410337448,0.5749790668487549,0.21152296662330627
2018-11-13,0.5252166986465454,0.23963338136672974,0.23514990508556366
2018-11-14,0.4784186780452728,0.2607906460762024,0.2607906460762024
2018-11-15,0.4796360433101654,0.2601819932460785,0.2601819932460785
2018-11-16,0.3003341853618622,0.4222571849822998,0.2774086594581604
2018-11-19,0.2874062955379486,0.42518743872642517,0.2874062955379486
2018-11-20,0.5708053112030029,0.21459732949733734,0.21459732949733734
2018-11-21,0.5761169195175171,0.21194155514240265,0.21194155514240265
2018-11-23,0.4232654571533203,0.28836730122566223,0.28836730122566223
2018-11-26,0.5761169195175171,0.21194155514240265,0.21194155514240265
2018-11-27,0.4225936233997345,0.28870317339897156,0.28870317339897156
2018-11-28,0.5586190819740295,0.22069047391414642,0.22069047391414642
2018-11-29,0.31628862023353577,0.36742278933525085,0.31628862023353577
2018-11-30,0.2979520261287689,0.40409591794013977,0.2979520261287689
2018-12-03,0.3225894272327423,0.3548210859298706,0.3225894272327423
2018-12-04,0.33396080136299133,0.29647254943847656,0.3695666491985321
2018-12-06,0.3333333432674408,0.3333333432674408,0.3333333432674408
2018-12-07,0.5258296132087708,0.237085223197937,0.237085223197937
2018-12-10,0.5287943482398987,0.23560281097888947,0.23560281097888947
2018-12-11,0.4020208418369293,0.29898956418037415,0.29898956418037415
2018-12-12,0.4019908905029297,0.29900458455085754,0.29900458455085754
2018-12-13,0.5455313324928284,0.22723433375358582,0.22723433375358582
2018-12-14,0.5761169195175171,0.21194155514240265,0.21194155514240265
2018-12-17,0.37848204374313354,0.30678656697273254,0.3147313594818115
2018-12-18,0.3251778781414032,0.3251778781414032,0.3496442437171936
2018-12-19,0.3312811851501465,0.3312811851501465,0.33743759989738464
2018-12-20,0.40501901507377625,0.2974904775619507,0.2974904775619507
2018-12-21,0.37617233395576477,0.3119138181209564,0.3119138181209564
2018-12-24,0.37617239356040955,0.3119138181209564,0.3119138181209564
2018-12-26,0.3761723041534424,0.3119138181209564,0.3119138181209564
2018-12-27,0.3333333432674408,0.3333333432674408,0.3333333432674408
2018-12-28,0.3248646557331085,0.3248646557331085,0.35027071833610535
2018-12-31,0.550369143486023,0.22481542825698853,0.22481542825698853
2019-01-02,0.5383713245391846,0.2308143526315689,0.2308143526315689
2019-01-03,0.5007531642913818,0.2496233880519867,0.2496233880519867
2019-01-04,0.42786088585853577,0.2860695421695709,0.2860695421695709
2019-01-07,0.426909863948822,0.3381735682487488,0.234916552901268
2019-01-08,0.21194155514240265,0.5761169195175171,0.21194155514240265
2019-01-09,0.21194155514240265,0.5761169195175171,0.21194155514240265
2019-01-10,0.2355455607175827,0.5501629114151001,0.21429157257080078
2019-01-11,0.27817797660827637,0.4436440169811249,0.27817797660827637
2019-01-14,0.28640469908714294,0.4271905720233917,0.28640469908714294
2019-01-15,0.25285205245018005,0.499412477016449,0.24773551523685455
2019-01-16,0.3511783182621002,0.28851547837257385,0.3603062033653259
2019-01-17,0.38230428099632263,0.24341435730457306,0.3742813766002655
2019-01-18,0.37792277336120605,0.23911245167255402,0.38296473026275635
2019-01-22,0.34759873151779175,0.4394306540489197,0.21297059953212738
2019-01-23,0.38573139905929565,0.24338212609291077,0.3708864450454712
2019-01-24,0.3780854344367981,0.2355310469865799,0.3863834738731384
2019-01-25,0.3780824542045593,0.2355334311723709,0.3863840103149414
2019-01-28,0.3430313467979431,0.4478238523006439,0.20914480090141296
2019-01-29,0.37808772921562195,0.2355319708585739,0.38638028502464294
2019-01-30,0.3881944715976715,0.25405988097190857,0.3577456474304199
2019-01-31,0.3845018446445465,0.3250356614589691,0.290462464094162
2019-02-01,0.38444238901138306,0.3252290189266205,0.2903285622596741
2019-02-04,0.44118085503578186,0.2727755308151245,0.28604361414909363
2019-02-05,0.32965201139450073,0.3881363868713379,0.282211571931839
2019-02-06,0.3866867423057556,0.3380891978740692,0.27522405982017517
2019-02-07,0.3167639672756195,0.411064088344574,0.2721719741821289
2019-02-08,0.3345099687576294,0.28282657265663147,0.3826634883880615
2019-02-11,0.3062959611415863,0.297238290309906,0.3964657485485077
2019-02-12,0.30629491806030273,0.29723864793777466,0.3964664340019226
2019-02-13,0.3084181845188141,0.2967130243778229,0.3948688209056854
2019-02-14,0.25811225175857544,0.25811225175857544,0.4837755262851715
2019-02-15,0.293268620967865,0.293268620967865,0.41346275806427
2019-02-19,0.2464759349822998,0.24484989047050476,0.5086742043495178
2019-02-20,0.33277198672294617,0.24449902772903442,0.422728955745697
2019-02-21,0.3245798945426941,0.2913477420806885,0.3840723931789398
2019-02-22,0.28320127725601196,0.2802186906337738,0.43658000230789185
2019-02-25,0.3240029513835907,0.4003071188926697,0.2756899893283844
2019-02-26,0.46633851528167725,0.2432318925857544,0.29042965173721313
2019-02-27,0.4796648323535919,0.2147684246301651,0.3055667579174042
2019-02-28,0.32436633110046387,0.3264167308807373,0.34921687841415405
2019-03-01,0.21194155514240265,0.21194155514240265,0.5761169195175171
2019-03-04,0.2463548630475998,0.2463548630475998,0.5072901844978333
2019-03-05,0.21579872071743011,0.21579872071743011,0.5684025883674622
2019-03-06,0.3561134934425354,0.2962781488895416,0.3476083278656006
2019-03-07,0.2597616910934448,0.31995096802711487,0.4202873408794403
2019-03-08,0.2933402359485626,0.40111035108566284,0.3055494427680969
2019-03-11,0.21206288039684296,0.2302798628807068,0.5576572418212891
2019-03-12,0.2739601135253906,0.3175097107887268,0.40853020548820496
2019-03-13,0.21983568370342255,0.21983568370342255,0.5603286027908325
2019-03-14,0.23564977943897247,0.23564977943897247,0.5287005305290222
2019-03-15,0.22573672235012054,0.22573672235012054,0.5485264658927917
2019-03-18,0.3560832440853119,0.250959575176239,0.3929571509361267
2019-03-19,0.47734513878822327,0.25370514392852783,0.2689497172832489
2019-03-20,0.5544003844261169,0.22950227558612823,0.21609735488891602
2019-03-21,0.4197068214416504,0.3686014711856842,0.211691752076149
2019-03-22,0.4345531463623047,0.2352301925420761,0.3302166759967804
2019-03-25,0.24511396884918213,0.35126373171806335,0.4036222994327545
2019-03-26,0.21194155514240265,0.5761169195175171,0.21194155514240265
2019-03-27,0.2394716590642929,0.329018771648407,0.43150952458381653
2019-03-28,0.3671494424343109,0.3939279615879059,0.2389226257801056
2019-03-29,0.21469010412693024,0.5706197619438171,0.21469010412693024
2019-04-01,0.2575388252735138,0.2575388252735138,0.48492231965065
2019-04-02,0.29759401082992554,0.33020713925361633,0.3721989095211029
2019-04-03,0.27789151668548584,0.26004236936569214,0.4620661437511444
2019-04-04,0.45806533098220825,0.21564406156539917,0.3262906074523926
2019-04-05,0.39035046100616455,0.32645490765571594,0.2831946015357971
2019-04-08,0.3522089123725891,0.368615061044693,0.2791759967803955
2019-04-09,0.31141212582588196,0.41540610790252686,0.2731817662715912
2019-04-10,0.31337615847587585,0.3387197256088257,0.3479040563106537
2019-04-11,0.31216830015182495,0.3401240408420563,0.3477076292037964
2019-04-12,0.3123464584350586,0.3398965299129486,0.3477569818496704
2019-04-15,0.3352140784263611,0.381357878446579,0.28342804312705994
2019-04-16,0.2951068580150604,0.26504626870155334,0.4398469030857086
2019-04-17,0.4085482060909271,0.2988359034061432,0.2926159203052521
2019-04-18,0.40364891290664673,0.3086947202682495,0.28765636682510376
2019-04-22,0.3870915472507477,0.2978071868419647,0.31510129570961
2019-04-23,0.3373120129108429,0.2828213572502136,0.37986665964126587
2019-04-24,0.27958938479423523,0.27357983589172363,0.446830689907074
2019-04-25,0.2979966998100281,0.26760321855545044,0.4344000816345215
2019-04-26,0.24348792433738708,0.24348792433738708,0.5130241513252258
2019-04-29,0.23856854438781738,0.23856854438781738,0.5228629112243652
2019-04-30,0.2945553958415985,0.23546959459781647,0.4699750244617462
2019-05-01,0.2687142789363861,0.2687142789363861,0.46257147192955017
2019-05-02,0.26240354776382446,0.26240354776382446,0.4751929044723511
2019-05-03,0.2594025135040283,0.38317668437957764,0.35742083191871643
2019-05-06,0.24858145415782928,0.24858145415782928,0.502837061882019
2019-05-07,0.381573349237442,0.35478538274765015,0.2636412978172302
2019-05-08,0.4409352242946625,0.22907684743404388,0.32998794317245483
2019-05-09,0.4416845440864563,0.22897161543369293,0.3293437957763672
2019-05-10,0.3932671844959259,0.2266814410686493,0.3800514340400696
2019-05-13,0.3926162123680115,0.2261064201593399,0.3812774121761322
2019-05-14,0.37726569175720215,0.3113671541213989,0.3113671541213989
2019-05-15,0.5377675294876099,0.23111623525619507,0.23111623525619507
2019-05-16,0.4938754439353943,0.25306227803230286,0.25306227803230286
2019-05-17,0.4450547695159912,0.23271040618419647,0.3222348690032959
2019-05-20,0.5009035468101501,0.25854164361953735,0.24055474996566772
2019-05-21,0.437131404876709,0.2814343273639679,0.2814343273639679
2019-05-22,0.43622025847435,0.2818898856639862,0.2818898856639862
2019-05-23,0.4371199905872345,0.28143998980522156,0.28143998980522156
2019-05-24,0.32449373602867126,0.32449373602867126,0.35101258754730225
2019-05-28,0.43714892864227295,0.2814255356788635,0.2814255356788635
2019-05-29,0.4279789626598358,0.2860105335712433,0.2860105335712433
2019-05-30,0.3333333432674408,0.3333333432674408,0.3333333432674408
2019-05-31,0.4304017722606659,0.28479909896850586,0.28479909896850586
2019-06-03,0.35981485247612,0.3200925588607788,0.3200925588607788
2019-06-04,0.4135245978832245,0.29323768615722656,0.29323768615722656
2019-06-05,0.481502890586853,0.2592485547065735,0.2592485547065735
2019-06-06,0.4318859577178955,0.3232523202896118,0.2448616623878479
2019-06-07,0.22005824744701385,0.5701830983161926,0.20975862443447113
2019-06-10,0.21194155514240265,0.5761169195175171,0.21194155514240265
2019-06-11,0.22505371272563934,0.22505371272563934,0.5498925447463989
2019-06-12,0.25824588537216187,0.25824588537216187,0.48350822925567627
2019-06-13,0.24251431226730347,0.3052932024002075,0.4521924555301666
2019-06-14,0.22921377420425415,0.22921377420425415,0.5415723919868469
2019-06-17,0.23590868711471558,0.29739606380462646,0.46669524908065796
2019-06-18,0.22399233281612396,0.5520153641700745,0.22399233281612396
2019-06-19,0.3066336214542389,0.29706135392189026,0.39630502462387085
2019-06-20,0.3580225110054016,0.2834438681602478,0.3585336208343506
2019-06-21,0.3493313193321228,0.43480971455574036,0.2158590406179428
2019-06-24,0.37837061285972595,0.23554660379886627,0.3860827088356018
2019-06-25,0.37811824679374695,0.23554325103759766,0.3863385021686554
2019-06-26,0.3927978277206421,0.2591518759727478,0.3480503261089325
2019-06-27,0.38112160563468933,0.24250677227973938,0.3763716220855713
2019-06-28,0.3795212209224701,0.2465812712907791,0.3738974928855896
2019-07-01,0.386396586894989,0.22957411408424377,0.3840292990207672
2019-07-02,0.3797464370727539,0.235081747174263,0.3851718604564667
2019-07-03,0.38618379831314087,0.25972577929496765,0.3540904223918915
2019-07-05,0.3156122863292694,0.4042823016643524,0.2801053524017334
2019-07-08,0.3133876621723175,0.33705881237983704,0.34955355525016785
2019-07-09,0.3062954246997833,0.297237753868103,0.3964668810367584
2019-07-10,0.3058239817619324,0.2972424328327179,0.39693358540534973
2019-07-11,0.30629539489746094,0.29723867774009705,0.396465927362442
2019-07-12,0.3062950074672699,0.29723846912384033,0.39646658301353455
2019-07-15,0.30142471194267273,0.29283085465431213,0.4057445228099823
2019-07-16,0.3062933683395386,0.297198623418808,0.39650800824165344
2019-07-17,0.3062973916530609,0.2972381114959717,0.3964644968509674
2019-07-18,0.30606457591056824,0.29724377393722534,0.3966916501522064
2019-07-19,0.30629581212997437,0.2972407341003418,0.3964634835720062
2019-07-22,0.32258784770965576,0.3548243045806885,0.32258784770965576
2019-07-23,0.31673938035964966,0.3665212094783783,0.31673938035964966
2019-07-24,0.2599054276943207,0.2599054276943207,0.48018914461135864
2019-07-25,0.30404913425445557,0.2924010753631592,0.40354976058006287
2019-07-26,0.2432209849357605,0.3069298565387726,0.4498491585254669
2019-07-29,0.2366313487291336,0.2366313487291336,0.5267373323440552
2019-07-30,0.2696947455406189,0.26229673624038696,0.46800854802131653
2019-07-31,0.22263072431087494,0.5547385811805725,0.22263072431087494
2019-08-01,0.26772087812423706,0.5002942085266113,0.2319849133491516
2019-08-02,0.2288282960653305,0.563771665096283,0.20739999413490295
2019-08-05,0.33442720770835876,0.4406328797340393,0.22493985295295715
2019-08-06,0.296784371137619,0.407182514667511,0.29603311419487
2019-08-07,0.46999627351760864,0.2650018334388733,0.2650018334388733
2019-08-08,0.5067299604415894,0.24663497507572174,0.24663497507572174
2019-08-09,0.43731462955474854,0.28134268522262573,0.28134268522262573
2019-08-12,0.42874130606651306,0.2856293320655823,0.2856293320655823
2019-08-13,0.42402300238609314,0.2879885137081146,0.2879885137081146
2019-08-14,0.42944929003715515,0.2852753698825836,0.2852753698825836
2019-08-15,0.324864000082016,0.324864000082016,0.35027197003364563
2019-08-16,0.3248627781867981,0.3248627781867981,0.3502744138240814
2019-08-19,0.4328776001930237,0.28356119990348816,0.28356119990348816
2019-08-20,0.4102163016796112,0.3600464463233948,0.22973720729351044
2019-08-21,0.5620489716529846,0.2189754992723465,0.2189754992723465
2019-08-22,0.21647830307483673,0.5728002786636353,0.2107214331626892
2019-08-23,0.3691425025463104,0.40081560611724854,0.23004183173179626
2019-08-26,0.5007007718086243,0.24964959919452667,0.24964959919452667
2019-08-27,0.499582976102829,0.2502085268497467,0.2502085268497467
2019-08-28,0.45890578627586365,0.27054712176322937,0.27054712176322937
2019-08-29,0.46233436465263367,0.268832802772522,0.268832802772522
2019-08-30,0.21343208849430084,0.5750271677970886,0.21154066920280457
2019-09-03,0.21194155514240265,0.5761169195175171,0.21194155514240265
2019-09-04,0.23308394849300385,0.5606605410575867,0.2062554657459259
2019-09-05,0.2085273414850235,0.520362377166748,0.27111032605171204
2019-09-06,0.2328716218471527,0.4012218117713928,0.36590659618377686
2019-09-09,0.342558354139328,0.30629801750183105,0.35114359855651855
2019-09-10,0.4298647940158844,0.20420916378498077,0.36592602729797363
2019-09-11,0.4301042854785919,0.20347437262535095,0.36642134189605713
2019-09-12,0.4740937054157257,0.23389382660388947,0.29201245307922363
2019-09-13,0.457644522190094,0.25031906366348267,0.2920364439487457
2019-09-16,0.33881211280822754,0.45372483134269714,0.2074631005525589
2019-09-17,0.4293692111968994,0.20374231040477753,0.36688849329948425
2019-09-18,0.4248715043067932,0.2361105978488922,0.3390178680419922
2019-09-19,0.4247669577598572,0.23618045449256897,0.33905261754989624
2019-09-20,0.38905981183052063,0.2580035626888275,0.35293662548065186
2019-09-23,0.42328354716300964,0.23703914880752563,0.3396773040294647
2019-09-24,0.39912769198417664,0.25093138217926025,0.3499409556388855
2019-09-25,0.29167813062667847,0.24519576132297516,0.46312621235847473
2019-09-26,0.20576921105384827,0.5593387484550476,0.2348920702934265
2019-09-27,0.20678330957889557,0.46324971318244934,0.3299669623374939
2019-09-30,0.21194155514240265,0.5761169195175171,0.21194155514240265
2019-10-01,0.20673015713691711,0.5619508624076843,0.23131899535655975
2019-10-02,0.21194155514240265,0.5761169195175171,0.21194155514240265
2019-10-03,0.5030924081802368,0.2484537959098816,0.2484537959098816
2019-10-04,0.5564888715744019,0.22175557911396027,0.22175557911396027
2019-10-07,0.24024365842342377,0.5195127129554749,0.24024365842342377
2019-10-08,0.235124871134758,0.5591685175895691,0.20570659637451172
2019-10-09,0.5310965776443481,0.23445172607898712,0.23445172607898712
2019-10-10,0.479499876499176,0.260250061750412,0.260250061750412
2019-10-11,0.25449806451797485,0.49100393056869507,0.25449806451797485
2019-10-14,0.41009029746055603,0.31507954001426697,0.274830162525177
2019-10-15,0.22624731063842773,0.5475054383277893,0.22624731063842773
2019-10-16,0.42826947569847107,0.24908165633678436,0.3226488530635834
2019-10-17,0.33046793937683105,0.24055005609989166,0.4289819002151489
2019-10-18,0.44042468070983887,0.337913453578949,0.22166183590888977
2019-10-21,0.255112886428833,0.26049482822418213,0.4843921959400177
2019-10-22,0.4944317638874054,0.2792036235332489,0.22636456787586212
2019-10-23,0.4580233097076416,0.2625448405742645,0.27943187952041626
2019-10-24,0.5262919664382935,0.21243467926979065,0.2612733542919159
2019-10-25,0.4747203588485718,0.21922726929187775,0.30605238676071167
2019-10-28,0.3977779746055603,0.23548878729343414,0.36673325300216675
2019-10-29,0.3421276807785034,0.3663005232810974,0.29157182574272156
2019-10-30,0.31209254264831543,0.3401718735694885,0.34773561358451843
2019-10-31,0.31343820691108704,0.3386494517326355,0.3479123115539551
2019-11-01,0.31209462881088257,0.34012091159820557,0.3477844297885895
2019-11-04,0.31207984685897827,0.34018754959106445,0.34773266315460205
2019-11-05,0.3045400381088257,0.4235183894634247,0.27194151282310486
2019-11-06,0.30904361605644226,0.40619930624961853,0.2847571074962616
2019-11-07,0.3120858669281006,0.34022679924964905,0.34768736362457275
2019-11-08,0.3117617666721344,0.3913295269012451,0.2969087064266205
2019-11-11,0.3120797574520111,0.340186208486557,0.3477339744567871
2019-11-12,0.3178320825099945,0.2924501895904541,0.389717698097229
2019-11-13,0.2551173269748688,0.2551173269748688,0.48976531624794006
2019-11-14,0.2161421924829483,0.2161421924829483,0.567715585231781
2019-11-15,0.21614432334899902,0.21614432334899902,0.567711353302002
2019-11-18,0.2559877634048462,0.2559877634048462,0.4880245327949524
2019-11-19,0.2551584839820862,0.2551584839820862,0.48968303203582764
2019-11-20,0.2643709182739258,0.2542071044445038,0.4814220070838928
2019-11-21,0.2161531001329422,0.2161531001329422,0.5676937699317932
2019-11-22,0.23609164357185364,0.2777494490146637,0.48615890741348267
2019-11-25,0.24287530779838562,0.2666117548942566,0.4905129075050354
2019-11-26,0.2598438262939453,0.2598438262939453,0.48031237721443176
2019-11-27,0.21668468415737152,0.21668468415737152,0.5666305422782898
2019-11-29,0.21814794838428497,0.21814794838428497,0.5637040734291077
2019-12-02,0.25002846121788025,0.36273789405822754,0.3872336745262146
2019-12-03,0.23371584713459015,0.5407055020332336,0.22557863593101501
2019-12-04,0.5277484655380249,0.22596126794815063,0.24629028141498566
2019-12-05,0.34217748045921326,0.3567553758621216,0.3010671138763428
2019-12-06,0.24085810780525208,0.4868445098400116,0.2722974121570587
2019-12-09,0.23510830104351044,0.23510830104351044,0.529783308506012
2019-12-10,0.24087277054786682,0.24087277054786682,0.5182545185089111
2019-12-11,0.2766680419445038,0.2879303991794586,0.4354015588760376
2019-12-12,0.32247787714004517,0.2888777554035187,0.38864439725875854
2019-12-13,0.3387049436569214,0.4538547098636627,0.20744028687477112
2019-12-16,0.37797489762306213,0.3063766062259674,0.31564852595329285
2019-12-17,0.40075570344924927,0.2054898589849472,0.39375439286231995
2019-12-18,0.2889675199985504,0.41508805751800537,0.2959444522857666
2019-12-19,0.37944579124450684,0.34296953678131104,0.2775847315788269
2019-12-20,0.3951151669025421,0.2935945987701416,0.3112902343273163
2019-12-23,0.4187585711479187,0.2958514094352722,0.2853900194168091
2019-12-24,0.30801060795783997,0.4194124937057495,0.2725768983364105
2019-12-26,0.3120809495449066,0.34018492698669434,0.34773409366607666
2019-12-27,0.3125450015068054,0.3853009343147278,0.3021540939807892
2019-12-30,0.30454009771347046,0.4235183894634247,0.27194154262542725
2019-12-31,0.3120799660682678,0.34018605947494507,0.3477339744567871
2020-01-02,0.3120800852775574,0.34018588066101074,0.3477340340614319
2020-01-03,0.3335803151130676,0.4036988615989685,0.26272082328796387
2020-01-06,0.31382885575294495,0.3348303735256195,0.35134071111679077
2020-01-07,0.30630528926849365,0.297233521938324,0.3964611887931824
2020-01-08,0.3062953054904938,0.29723870754241943,0.39646604657173157
2020-01-09,0.30632367730140686,0.2972317636013031,0.3964445888996124
2020-01-10,0.31307458877563477,0.3371545076370239,0.3497709035873413
2020-01-13,0.3261893391609192,0.2918258011341095,0.3819848597049713
2020-01-14,0.31208088994026184,0.34018275141716003,0.34773632884025574
2020-01-15,0.3120875656604767,0.3401627540588379,0.3477497398853302
2020-01-16,0.308130145072937,0.2967850863933563,0.3950847089290619
2020-01-17,0.31208011507987976,0.34018418192863464,0.347735732793808
2020-01-21,0.31207799911499023,0.340187132358551,0.3477349281311035
2020-01-22,0.25181955099105835,0.25181955099105835,0.4963609278202057
2020-01-23,0.2904932200908661,0.2904932200908661,0.4190135598182678
2020-01-24,0.2617848515510559,0.4692282974720001,0.26898685097694397
2020-01-27,0.23523744940757751,0.4930558204650879,0.2717067301273346
2020-01-28,0.25452327728271484,0.5248923301696777,0.22058436274528503
2020-01-29,0.37356555461883545,0.4104374647140503,0.21599702537059784
2020-01-30,0.24018850922584534,0.5554667115211487,0.20434477925300598
2020-01-31,0.506470799446106,0.29590103030204773,0.1976282000541687
2020-02-03,0.4588327407836914,0.29301905632019043,0.24814818799495697
2020-02-04,0.4618895351886749,0.34812119603157043,0.18998923897743225
2020-02-05,0.21573175489902496,0.5733460187911987,0.21092219650745392
2020-02-06,0.2756730020046234,0.2756730020046234,0.4486539661884308
2020-02-07,0.2690238058567047,0.2690238058567047,0.4619523286819458
2020-02-10,0.33998316526412964,0.2829819619655609,0.3770349323749542
2020-02-11,0.3399592936038971,0.28271517157554626,0.37732547521591187
2020-02-12,0.24658630788326263,0.24658630788326263,0.5068273544311523
2020-02-13,0.24423839151859283,0.24423839151859283,0.5115232467651367
2020-02-14,0.24860432744026184,0.24860432744026184,0.5027912855148315
2020-02-18,0.24432691931724548,0.24432691931724548,0.511346161365509
2020-02-19,0.2511015236377716,0.26509618759155273,0.48380228877067566
2020-02-20,0.24435390532016754,0.24435390532016754,0.5112921595573425
2020-02-21,0.37994620203971863,0.21100448071956635,0.4090493321418762
2020-02-24,0.23208697140216827,0.5358260869979858,0.23208697140216827
2020-02-25,0.3794669210910797,0.3604743182659149,0.260058730840683
2020-02-26,0.4076091945171356,0.30046868324279785,0.2919221520423889
2020-02-27,0.40731513500213623,0.2963424324989319,0.2963424324989319
2020-02-28,0.36732596158981323,0.3163370192050934,0.3163370192050934
2020-03-02,0.3366120159626007,0.33169400691986084,0.33169400691986084
2020-03-03,0.32486286759376526,0.32486286759376526,0.35027429461479187
2020-03-04,0.32709792256355286,0.32709792256355286,0.3458041548728943
2020-03-05,0.5053379535675049,0.24733103811740875,0.24733103811740875
2020-03-06,0.4278607666492462,0.2860696017742157,0.2860696017742157
2020-03-09,0.325171560049057,0.325171560049057,0.3496568500995636
2020-03-10,0.40639907121658325,0.2968004643917084,0.2968004643917084
2020-03-11,0.3248627781867981,0.3248627781867981,0.3502744436264038
2020-03-12,0.32487988471984863,0.32487988471984863,0.35024017095565796
2020-03-13,0.3701872229576111,0.31490635871887207,0.31490635871887207
2020-03-16,0.32486388087272644,0.32486388087272644,0.35027217864990234
2020-03-17,0.40731534361839294,0.2963423430919647,0.2963423430919647
2020-03-18,0.3248627781867981,0.3248627781867981,0.3502744436264038
2020-03-19,0.3248646855354309,0.3248646855354309,0.3502706289291382
2020-03-20,0.3251868784427643,0.3251868784427643,0.34962618350982666
2020-03-23,0.3333333432674408,0.3333333432674408,0.3333333432674408
2020-03-24,0.3333333432674408,0.3333333432674408,0.3333333432674408
2020-03-25,0.4837547242641449,0.25812265276908875,0.25812265276908875
2020-03-26,0.5111412405967712,0.256490021944046,0.23236876726150513
2020-03-27,0.5084179043769836,0.2585175633430481,0.23306448757648468
2020-03-30,0.5111852288246155,0.25646886229515076,0.2323458194732666
2020-03-31,0.5110390782356262,0.2565813958644867,0.23237957060337067
2020-04-01,0.48499152064323425,0.2755734622478485,0.23943497240543365
2020-04-02,0.5111839771270752,0.2564694285392761,0.23234659433364868
2020-04-03,0.5111814141273499,0.2564717233181,0.23234690725803375
2020-04-06,0.5111852288246155,0.25646889209747314,0.232345849275589
2020-04-07,0.23490451276302338,0.559329628944397,0.20576585829257965
2020-04-08,0.22138407826423645,0.5629019737243652,0.21571390330791473
2020-04-09,0.2138415277004242,0.5577558279037476,0.22840265929698944
2020-04-13,0.20638875663280487,0.5610228180885315,0.23258841037750244
2020-04-14,0.20610645413398743,0.5602554678916931,0.23363806307315826
2020-04-15,0.2705472707748413,0.3527752459049225,0.3766774535179138
2020-04-16,0.20832359790802002,0.5662822723388672,0.22539407014846802
2020-04-17,0.2667066156864166,0.3939671218395233,0.33932626247406006
2020-04-20,0.41655468940734863,0.24449685215950012,0.33894845843315125
2020-04-21,0.4166417717933655,0.24445843696594238,0.33889976143836975
2020-04-22,0.25736525654792786,0.27222877740859985,0.4704059660434723
2020-04-23,0.41667208075523376,0.24444575607776642,0.338882178068161
2020-04-24,0.41667240858078003,0.24444572627544403,0.3388819098472595
2020-04-27,0.4166510999202728,0.24444778263568878,0.3389011025428772
2020-04-28,0.4166724383831024,0.24444569647312164,0.3388819098472595
2020-04-29,0.4196641445159912,0.2414378672838211,0.33889803290367126
2020-04-30,0.42984017729759216,0.2035418301820755,0.36661794781684875
2020-05-01,0.43018749356269836,0.20582488179206848,0.36398762464523315
2020-05-04,0.30260902643203735,0.24065253138542175,0.4567384719848633
2020-05-05,0.30240994691848755,0.24067777395248413,0.45691224932670593
2020-05-06,0.4165668189525604,0.2444668412208557,0.33896636962890625
2020-05-07,0.37107741832733154,0.2634235918521881,0.36549901962280273
2020-05-08,0.41649776697158813,0.2444649636745453,0.3390372693538666
2020-05-11,0.43032580614089966,0.20941810309886932,0.3602561056613922
2020-05-12,0.4166816174983978,0.24443750083446503,0.33888089656829834
2020-05-13,0.41665977239608765,0.24445122480392456,0.3388890326023102
2020-05-14,0.2878493368625641,0.4243013560771942,0.2878493368625641
2020-05-15,0.33200356364250183,0.4418664872646332,0.22613002359867096
2020-05-18,0.27463552355766296,0.5092293620109558,0.2161351442337036
2020-05-19,0.41601240634918213,0.21063682436943054,0.37335073947906494
2020-05-20,0.4294379651546478,0.21705859899520874,0.35350340604782104
2020-05-21,0.39586636424064636,0.311651349067688,0.2924822270870209
2020-05-22,0.42997321486473083,0.20346973836421967,0.3665570616722107
2020-05-26,0.22041697800159454,0.22041697800159454,0.5591661334037781
2020-05-27,0.3204768896102905,0.18732964992523193,0.4921935200691223
2020-05-28,0.38038328289985657,0.16664059460163116,0.4529761075973511
2020-05-29,0.38639065623283386,0.16621705889701843,0.4473923146724701
2020-06-01,0.32349562644958496,0.18801692128181458,0.48848745226860046
2020-06-02,0.42627549171447754,0.35739243030548096,0.2163320630788803
2020-06-03,0.3433713912963867,0.4486924111843109,0.20793625712394714
2020-06-04,0.34310704469680786,0.4137873649597168,0.24310557544231415
2020-06-05,0.5312125086784363,0.2611091434955597,0.20767830312252045
2020-06-08,0.4514373242855072,0.33383309841156006,0.21472953259944916
2020-06-09,0.47424766421318054,0.23524373769760132,0.2905086278915405
2020-06-10,0.33195164799690247,0.40541914105415344,0.2626291811466217
2020-06-11,0.3067626953125,0.42261621356010437,0.27062103152275085
2020-06-12,0.3872235119342804,0.25517430901527405,0.35760223865509033
2020-06-15,0.4186934530735016,0.24249356985092163,0.3388129472732544
2020-06-16,0.46491631865501404,0.2382490485906601,0.2968346178531647
2020-06-17,0.3880966901779175,0.2571605145931244,0.35474279522895813
2020-06-18,0.4008665084838867,0.25140073895454407,0.34773269295692444
2020-06-19,0.37781038880348206,0.2619132995605469,0.36027637124061584
2020-06-22,0.3063756823539734,0.29719609022140503,0.3964282274246216
2020-06-23,0.31306448578834534,0.29371190071105957,0.3932235836982727
2020-06-24,0.31343966722488403,0.3361492156982422,0.3504111170768738
2020-06-25,0.3497365117073059,0.3309273421764374,0.3193361461162567
2020-06-26,0.3855174779891968,0.30081337690353394,0.31366920471191406
2020-06-29,0.24534980952739716,0.5093004107475281,0.24534980952739716
2020-06-30,0.303790420293808,0.4388127624988556,0.25739675760269165
2020-07-01,0.23283028602600098,0.45968887209892273,0.3074808418750763
2020-07-02,0.3088139593601227,0.29348212480545044,0.3977038860321045
2020-07-06,0.31411418318748474,0.33592239022254944,0.3499634563922882
2020-07-07,0.37622326612472534,0.336628794670105,0.2871478796005249
2020-07-08,0.37862470746040344,0.31988388299942017,0.3014914393424988
2020-07-09,0.3762226998806,0.3366294205188751,0.2871479094028473
2020-07-10,0.37623146176338196,0.3366129696369171,0.28715553879737854
2020-07-13,0.37694674730300903,0.23646442592144012,0.3865888714790344
2020-07-14,0.2598717212677002,0.41896724700927734,0.32116106152534485
2020-07-15,0.32051753997802734,0.3308330476284027,0.34864941239356995
2020-07-16,0.3315833806991577,0.318072110414505,0.35034453868865967
2020-07-17,0.31177327036857605,0.34039732813835144,0.3478293716907501
2020-07-20,0.312079519033432,0.34018638730049133,0.34773409366607666
2020-07-21,0.3120802342891693,0.3401857316493988,0.3477340340614319
2020-07-22,0.326092004776001,0.41047540307044983,0.2634325921535492
2020-07-23,0.29154089093208313,0.27716225385665894,0.43129685521125793
2020-07-24,0.31202903389930725,0.34019356966018677,0.34777742624282837
2020-07-27,0.24077008664608002,0.3947361707687378,0.36449378728866577
2020-07-28,0.31208091974258423,0.3401850163936615,0.3477340638637543
2020-07-29,0.31207820773124695,0.34018686413764954,0.34773489832878113
2020-07-30,0.3120798170566559,0.34018629789352417,0.3477339744567871
2020-07-31,0.3062928020954132,0.2972387671470642,0.39646846055984497
2020-08-03,0.3062930405139923,0.2972387671470642,0.3964681625366211
2020-08-04,0.3062952756881714,0.29723870754241943,0.39646604657173157
2020-08-05,0.3062952756881714,0.29723870754241943,0.39646604657173157
2020-08-06,0.312096506357193,0.3401356041431427,0.3477678596973419
2020-08-07,0.30743861198425293,0.29695674777030945,0.3956046402454376
2020-08-10,0.30625298619270325,0.29724785685539246,0.3964992165565491
2020-08-11,0.3047889769077301,0.29758134484291077,0.39762967824935913
2020-08-12,0.31644919514656067,0.3265385627746582,0.3570123016834259
2020-08-13,0.34203410148620605,0.3060210645198822,0.35194480419158936
2020-08-14,0.31352806091308594,0.3385416865348816,0.3479301929473877
2020-08-17,0.3140014111995697,0.33429330587387085,0.35170525312423706
2020-08-18,0.3433978855609894,0.30540257692337036,0.35119950771331787
2020-08-19,0.31357595324516296,0.33849385380744934,0.3479301929473877
2020-08-20,0.3122687041759491,0.3396137058734894,0.3481176197528839
2020-08-21,0.24233829975128174,0.2993588149547577,0.45830291509628296
2020-08-24,0.3079235553741455,0.300176203250885,0.39190027117729187
2020-08-25,0.3166202902793884,0.33494776487350464,0.34843194484710693
2020-08-26,0.4243016242980957,0.23648028075695038,0.3392181396484375
2020-08-27,0.42482703924179077,0.23614558577537537,0.33902740478515625
2020-08-28,0.32185232639312744,0.2930353581905365,0.38511237502098083
2020-08-31,0.41014549136161804,0.24541503190994263,0.34443947672843933
2020-09-01,0.24822966754436493,0.24822966754436493,0.5035406351089478
2020-09-02,0.3009083867073059,0.2984912097454071,0.4006003737449646
2020-09-03,0.2617207467556,0.2617207467556,0.4765585660934448
2020-09-04,0.24255798757076263,0.30500471591949463,0.4524373412132263
2020-09-08,0.21194155514240265,0.5761169195175171,0.21194155514240265
2020-09-09,0.3135293424129486,0.461230605840683,0.22524000704288483
2020-09-10,0.21194155514240265,0.5761169195175171,0.21194155514240265
2020-09-11,0.34597399830818176,0.43533825874328613,0.21868771314620972
2020-09-14,0.22852076590061188,0.5429584383964539,0.22852076590061188
2020-09-15,0.22818167507648468,0.5436366200447083,0.22818167507648468
2020-09-16,0.40705448389053345,0.2861294448375702,0.3068160116672516
2020-09-17,0.3387581706047058,0.38123396039009094,0.28000789880752563
2020-09-18,0.24943141639232635,0.5011371374130249,0.24943141639232635
2020-09-21,0.27814191579818726,0.4437161982059479,0.27814191579818726
2020-09-22,0.4697932302951813,0.284623384475708,0.2455834448337555
2020-09-23,0.3991933763027191,0.3272620439529419,0.273544579744339
2020-09-24,0.39961791038513184,0.31545400619506836,0.2849281430244446
2020-09-25,0.4072114825248718,0.2963942587375641,0.2963942587375641
2020-09-28,0.324861615896225,0.324861615896225,0.35027676820755005
2020-09-29,0.4715324640274048,0.268882691860199,0.25958487391471863
2020-09-30,0.5135078430175781,0.27329427003860474,0.21319785714149475
2020-10-01,0.2802199721336365,0.4838370382785797,0.23594297468662262
2020-10-02,0.21549171209335327,0.5690166354179382,0.21549171209335327
2020-10-05,0.31815677881240845,0.4003453254699707,0.28149792551994324
2020-10-06,0.21194155514240265,0.5761169195175171,0.21194155514240265
2020-10-07,0.21194155514240265,0.5761169195175171,0.21194155514240265
2020-10-08,0.2225351333618164,0.5549297332763672,0.2225351333618164
2020-10-09,0.41234076023101807,0.24633397161960602,0.3413252532482147
2020-10-12,0.4165206849575043,0.2445162981748581,0.33896303176879883
2020-10-13,0.4243527054786682,0.23644092679023743,0.339206337928772
2020-10-14,0.3064018487930298,0.2971827983856201,0.3964153230190277
2020-10-15,0.3063655197620392,0.29720184206962585,0.3964325785636902
2020-10-16,0.3062954843044281,0.29723912477493286,0.3964654207229614
2020-10-19,0.3063047230243683,0.29723379015922546,0.396461546421051
2020-10-20,0.3080744743347168,0.29630616307258606,0.39561930298805237
2020-10-21,0.41648614406585693,0.2445266842842102,0.3389871418476105
2020-10-22,0.3065353333950043,0.2971130609512329,0.39635157585144043
2020-10-23,0.3126547038555145,0.3124726414680481,0.37487268447875977
2020-10-26,0.32417285442352295,0.2880147695541382,0.38781240582466125
2020-10-27,0.2382897585630417,0.5234203934669495,0.2382897585630417
2020-10-28,0.39641499519348145,0.3489210605621338,0.25466397404670715
2020-10-29,0.5300837159156799,0.23495814204216003,0.23495814204216003
2020-10-30,0.5297974944114685,0.23510123789310455,0.23510123789310455
2020-11-02,0.5297905802726746,0.23510466516017914,0.23510466516017914
2020-11-03,0.5761169195175171,0.21194155514240265,0.21194155514240265
2020-11-04,0.24968580901622772,0.5006284713745117,0.24968580901622772
2020-11-05,0.3041742742061615,0.3041742742061615,0.3916514217853546
2020-11-06,0.3559967279434204,0.2821783125400543,0.36182495951652527
2020-11-09,0.3794466257095337,0.2376514971256256,0.3829019367694855
2020-11-10,0.3387047052383423,0.45385506749153137,0.20744018256664276
2020-11-11,0.4413546323776245,0.33751675486564636,0.22112859785556793
2020-11-12,0.49900075793266296,0.2615474462509155,0.23945173621177673
2020-11-13,0.4326617121696472,0.2045534998178482,0.36278480291366577
2020-11-16,0.43035486340522766,0.20347674190998077,0.36616840958595276
2020-11-17,0.4594874382019043,0.2511460781097412,0.28936654329299927
2020-11-18,0.3376031517982483,0.3103751242160797,0.3520216941833496
2020-11-19,0.3316733241081238,0.31798413395881653,0.3503425717353821
2020-11-20,0.3222649395465851,0.32904279232025146,0.34869226813316345
2020-11-23,0.32932645082473755,0.3208920657634735,0.3497815728187561
2020-11-24,0.31210145354270935,0.3401648700237274,0.34773367643356323
2020-11-25,0.31208038330078125,0.3401857018470764,0.3477339446544647
2020-11-27,0.31211286783218384,0.3401537239551544,0.34773340821266174
2020-11-30,0.31211432814598083,0.3401522934436798,0.34773340821266174
2020-12-01,0.29179656505584717,0.3469003438949585,0.36130309104919434
2020-12-02,0.312224805355072,0.3400435745716095,0.34773164987564087
2020-12-03,0.31242606043815613,0.3398456573486328,0.34772834181785583
2020-12-04,0.3121207654476166,0.34014594554901123,0.3477332890033722
2020-12-07,0.31209564208984375,0.34017062187194824,0.34773367643356323
2020-12-08,0.31207984685897827,0.340186208486557,0.3477339744567871
2020-12-09,0.3120797574520111,0.3401864469051361,0.34773385524749756
2020-12-10,0.3122522830963135,0.33966490626335144,0.3480827808380127
2020-12-11,0.3121281564235687,0.34004053473472595,0.3478313386440277
2020-12-14,0.31069469451904297,0.2961393892765045,0.3931659460067749
2020-12-15,0.3191448450088501,0.27967405319213867,0.40118110179901123
2020-12-16,0.30644431710243225,0.29712483286857605,0.3964309096336365
2020-12-17,0.3077869415283203,0.2968703806400299,0.3953426480293274
2020-12-18,0.3121086359024048,0.3401578664779663,0.3477334976196289
2020-12-21,0.3127196729183197,0.3382420241832733,0.3490382730960846
2020-12-22,0.20980525016784668,0.4405635893344879,0.34963110089302063
2020-12-23,0.21043062210083008,0.43747568130493164,0.35209372639656067
2020-12-24,0.24318377673625946,0.3026582598686218,0.45415791869163513
2020-12-28,0.24258843064308167,0.30509135127067566,0.45232027769088745
2020-12-29,0.2160908281803131,0.2160908281803131,0.567818284034729
2020-12-30,0.32938337326049805,0.32081252336502075,0.3498041331768036
2020-12-31,0.43001440167427063,0.2039715200662613,0.36601412296295166
